tipehewan, ANJING BESAR, ANJING KECIL, KUCING-BESAR, KUCING-KECIL
Maine_Coon_117_jpg.rf.151e151e4b3b84c64a44d051dd6d2af0.jpg, 0, 0, 1, 0
Tuxedo-42569678_9907_jpg.rf.056ff613d2c340f76b9f9f585a74f55b.jpg, 0, 0, 0, 1
n02093647_24_jpg.rf.0b36e3f39974314a9b08928b168874ec.jpg, 0, 1, 0, 0
2611_jpg.rf.04f092d925c565a754f6a68a9bb5a0d6.jpg, 0, 0, 0, 1
n02093754_2276_jpg.rf.072f1aa6290f0374ec01d5e433b31fa3.jpg, 0, 1, 0, 0
n02086240_126_jpg.rf.0dbc0422128116bf939412642701ed7f.jpg, 0, 1, 0, 0
n02088094_4420_jpg.rf.1074c5475dd4d6d8b63d553ac34c322e.jpg, 1, 0, 0, 0
382_jpg.rf.0766c05739f9cea5f9383512f0702d81.jpg, 0, 0, 0, 1
Maine_Coon_105_jpg.rf.14331a41367aed0cb2fc78f0ed2c8b95.jpg, 0, 0, 1, 0
n02085620_6295_jpg.rf.00d198fe06fa11f84cd727b11df6f07f.jpg, 0, 1, 0, 0
maine-coon_114_jpg.rf.151a7ee41ce1d08dcf0677cf6652be5a.jpg, 0, 0, 1, 1
n02090622_4038_jpg.rf.0a438ef7ed86bc29c2ce6ef1457a520e.jpg, 1, 0, 0, 0
n02086910_1626_jpg.rf.0dd9744dfd60b1e4f99505bbe468a009.jpg, 0, 1, 0, 0
n02085782_3896_jpg.rf.10a6fb5d9d7d15a843d492f49491f114.jpg, 0, 1, 0, 0
00000844_027_jpg.rf.11f37525bee4d632c25f08a2f497f44e.jpg, 0, 0, 1, 0
n02088466_9383_jpg.rf.072ea1a4a4801b81a7539688117eff9d.jpg, 1, 0, 0, 0
n02090622_3958_jpg.rf.0c56e630ad4ec79f9cd3ece81d0251e4.jpg, 1, 0, 0, 0
n02088094_2641_jpg.rf.15bb11db57a19da777e1208241185377.jpg, 1, 0, 0, 0
8424_jpg.rf.016c9ede40d938a5aaf462566384b0fc.jpg, 0, 0, 1, 0
00001025_008_jpg.rf.113e8d80a021cc77fa4c5ac9434e7da0.jpg, 0, 0, 1, 0
n02090721_537_jpg.rf.0444f7de64628a0bf64e6caa8d931f01.jpg, 1, 0, 0, 0
n02085620_4951_jpg.rf.0f77a61208753cabe6778fcd02a7ed0b.jpg, 0, 1, 0, 0
n02091032_6537_jpg.rf.016df3fe71d27d938b7f6da961127994.jpg, 0, 1, 0, 0
american-shorthair_100_jpg.rf.17276088818d44d5d9dcb38b54f198cd.jpg, 0, 0, 0, 1
persian-cat_161_jpg.rf.16e7f7c278e429d4cb442967c80bf39e.jpg, 0, 0, 0, 1
n02091831_2779_jpg.rf.09f611dd32df6844969b8022fc4dafbd.jpg, 1, 0, 0, 0
n02093754_4213_jpg.rf.0d6072a5904401b74c6b8c72a8a13c3c.jpg, 0, 1, 0, 0
n02091635_2305_jpg.rf.16bd35ef1fdb2df1037161b74530e729.jpg, 1, 0, 0, 0
n02092002_4220_jpg.rf.1736fa84ee7d37bf07f551ee5f6e3293.jpg, 1, 0, 0, 0
n02093647_1249_jpg.rf.193ba1377c8647b743237b3b96f6ce8e.jpg, 0, 1, 0, 0
n02092002_1564_jpg.rf.18798e1f92c98c39ad5dffe97e166057.jpg, 1, 0, 0, 0
n02092002_3314_jpg.rf.19f46427bab425c7c8fc3ff77e131d93.jpg, 1, 0, 0, 0
827_jpg.rf.1cdaed56fd9cfc85857a97aa8cd78a7b.jpg, 0, 0, 0, 1
n02088094_1932_jpg.rf.1a7002988d87d704df5751d33e583524.jpg, 1, 0, 0, 0
n02086079_380_jpg.rf.1a605c01a72a8f132f48997207e96efd.jpg, 0, 1, 0, 0
3224_jpg.rf.187c99fcc7430ca5e09a5133b81f23e7.jpg, 0, 0, 0, 1
n02090721_626_jpg.rf.1baaf079d47ed1e22d5b0a7e6e4849c3.jpg, 1, 0, 0, 0
n02085936_7515_jpg.rf.1d241a80f52a8626b2330a2da5d925fc.jpg, 0, 1, 0, 0
n02085936_7793_jpg.rf.1d5f0b2c8ee2db623fa49d59044b3511.jpg, 0, 1, 0, 0
n02090622_10619_jpg.rf.1ef4d86679cf1a03a42fabecda61b860.jpg, 1, 0, 0, 0
n02093754_5315_jpg.rf.21848aa39517ddaa988d679d37967654.jpg, 0, 1, 0, 0
n02093647_79_jpg.rf.223d02f70c806a207959b26a984e2e3b.jpg, 0, 1, 0, 0
5132_jpg.rf.22c1771373f22ded07f86396f090afe5.jpg, 0, 0, 0, 1
3503_jpg.rf.200f0f6d82f6c3cea4132288e5212f32.jpg, 0, 0, 0, 1
6752_jpg.rf.21d7028c7cb46f664ce4a229fb26dc4f.jpg, 0, 0, 0, 1
n02091635_2120_jpg.rf.246ba555eeec90a26079e3566c2c0485.jpg, 1, 0, 0, 0
american-shorthair_70_jpg.rf.202939aea02ca4f5527e63a866ad6ced.jpg, 0, 0, 0, 1
00000958_029_jpg.rf.209412632005ef8229d1c95050282cc9.jpg, 0, 0, 1, 0
n02085620_2204_jpg.rf.23a1b9ac2307dde489bed81d1a35ec52.jpg, 0, 1, 0, 0
n02092002_6609_jpg.rf.24b7d1ce854bb0f8039bd54b879ff0d8.jpg, 1, 0, 0, 0
Ragdoll_72_jpg.rf.24eca337f1824dad3b48b4da2be2f638.jpg, 0, 0, 1, 0
n02089973_140_jpg.rf.250de996398d70d90dce3f32d4e5929b.jpg, 1, 0, 0, 0
3584_jpg.rf.278cc1d51a6c64c462964c45e0a0493b.jpg, 0, 0, 1, 0
6743_jpg.rf.2b0f789ba4449e061c766e986d48c811.jpg, 0, 0, 0, 1
00001163_024_jpg.rf.2789df0c95b778948824dcf503ae3dea.jpg, 0, 0, 1, 0
n02091635_1621_jpg.rf.2b3739a250b8a7c24fe46f66ebc64718.jpg, 1, 0, 0, 0
n02085782_3990_jpg.rf.2acb3c44e7ce2abf26c941678c8b47c0.jpg, 0, 1, 0, 0
00001460_017_jpg.rf.2d76f034185cbd3ef66a4754f58a33fd.jpg, 0, 0, 1, 0
n02090721_327_jpg.rf.2bc3f810470b732c2db35348c3b90049.jpg, 1, 0, 0, 0
n02091831_10593_jpg.rf.2f56e91c1aba28790f2d87663604f03d.jpg, 1, 0, 0, 0
n02085620_2208_jpg.rf.25cded568cadaa2247fdd055156f7ec2.jpg, 0, 1, 0, 0
3277_jpg.rf.323b10adb77b35965a9b075a041102c5.jpg, 0, 0, 0, 1
n02091635_1489_jpg.rf.2ea43996046ca9b3f58d1ad4b625bf8a.jpg, 1, 0, 0, 0
206_jpg.rf.32a281101ed8f637b3db28650d308748.jpg, 0, 0, 0, 1
n02090721_4304_jpg.rf.32c7a7faf92903dae8b05b38b8378bde.jpg, 1, 0, 0, 0
n02086910_1729_jpg.rf.329653d8e4e826a662c930de0c954f40.jpg, 0, 1, 0, 0
n02085936_10148_jpg.rf.2bae56d1f92bbc43fb9b52d21e1e9443.jpg, 0, 1, 0, 0
566_jpg.rf.315b2df16dfbbbc62fad237eeedd4f5e.jpg, 0, 0, 0, 1
00000045_021_jpg.rf.33e2037f8f338d6c972179d6e607a5a5.jpg, 0, 0, 1, 0
n02088466_8515_jpg.rf.344c27de4f60b30e530aeff89d473975.jpg, 1, 0, 0, 0
Tuxedo-42841741_9233_jpg.rf.34d9d6509ccc91042c8a10e8da0cae51.jpg, 0, 0, 0, 1
n02090622_6443_jpg.rf.3526ebf0a1eeff6ad9268d6af9bbba3a.jpg, 1, 0, 0, 0
00000349_011_jpg.rf.361b9b45908f65c6073d488d60ba30ae.jpg, 0, 0, 1, 0
3561_jpg.rf.36504070ff1655c201f18bad89bf9526.jpg, 0, 0, 1, 0
00000862_007_jpg.rf.35fcf6612e4d4215ea88d27578617e2b.jpg, 0, 0, 1, 0
n02085620_8420_jpg.rf.2eac4d0d4690351ae07e2e33e56cbcf1.jpg, 0, 1, 0, 0
n02086910_21_jpg.rf.36639042796d9b4b0bf6101816ee81d6.jpg, 0, 1, 0, 0
00000936_002_jpg.rf.36d188deaf164f9da437b598fcfeb9e6.jpg, 0, 0, 1, 0
4751_jpg.rf.3690fdfb9270570371348d191e4b8040.jpg, 0, 0, 1, 0
n02085936_11744_jpg.rf.35d5ebc2c092f4cfb9ba5a0d0eb68f41.jpg, 0, 1, 0, 0
n02090622_1726_jpg.rf.37c9ce94bfb6314460112a4efe0f7d05.jpg, 1, 0, 0, 0
n02092002_11245_jpg.rf.3852abcf959b4f0501e345ef3a592918.jpg, 1, 0, 0, 0
n02085782_2293_jpg.rf.38cdbab8e34f5addd8f690f670f34ddc.jpg, 0, 1, 0, 0
n02085782_4511_jpg.rf.3cd06edaa3f7f13166b59d0ee5c22486.jpg, 0, 1, 0, 0
4545_jpg.rf.3b0af3628bc770c6f36b576848580940.jpg, 0, 0, 0, 1
n02088094_3620_jpg.rf.3d44ecc17ec5faca50feb6d3be59599f.jpg, 1, 0, 0, 0
n02093754_4669_jpg.rf.3b8642d220c1dd59033bdcafa7fdee97.jpg, 0, 1, 0, 0
3427_jpg.rf.3d9b5c3bd7759dc63888c29d471d314c.jpg, 0, 0, 0, 1
British_Shorthair_103_jpg.rf.3dcaaf9ebda1252eca880a1cf6aa638a.jpg, 0, 0, 1, 0
n02085936_3217_jpg.rf.3ee8049927dd21371899b459e1710381.jpg, 0, 1, 0, 0
12298_jpg.rf.407c9d02addec313f977b8adab237904.jpg, 0, 0, 1, 0
n02090721_1452_jpg.rf.40e21cdfb975bbc378674623ea55c3a5.jpg, 1, 0, 0, 0
n02085782_4208_jpg.rf.40b44713954ba730550a0a8edf610ee0.jpg, 0, 1, 0, 0
n02086079_2935_jpg.rf.4180cd559927eaae8990392edec46a41.jpg, 0, 1, 0, 0
n02092002_11131_jpg.rf.439fb1aaf0732d074abd38c1df350ea3.jpg, 1, 0, 0, 0
n02085620_3838_jpg.rf.436e2cb97d9aab47df48eb02c78b3299.jpg, 0, 1, 0, 0
2509_jpg.rf.42dca6ea4bcaeb3e53d9369d32c3baaf.jpg, 0, 0, 0, 1
n02091032_11062_jpg.rf.43b606c5e1a92b025394fe841a2dc555.jpg, 1, 0, 0, 0
n02088094_3051_jpg.rf.44b2bbaceded07cb6623b11319702d9e.jpg, 1, 0, 0, 0
n02091635_3118_jpg.rf.451275d3e9a1eaeff355ee4d4d4a78bd.jpg, 1, 0, 0, 0
6931_jpg.rf.4588f2a96a1963bf1588ab4d2a96a38a.jpg, 0, 0, 0, 1
British_Shorthair_88_jpg.rf.464ce0293b82aaced2edf6b52df49064.jpg, 0, 0, 1, 0
maine-coon_128_jpeg.rf.462b65fb5e286a63ddd3b249b01538f5.jpg, 0, 0, 0, 1
n02091831_2076_jpg.rf.46d8c7ea7e6c7e68067619e43f9d4fe0.jpg, 1, 0, 0, 0
00001401_008_jpg.rf.4697dfb2fec7bdc242f82efb4e76b9f8.jpg, 0, 0, 1, 0
ragdoll-cat_64_jpg.rf.49ffb19d7c3cfc7c844d971f8b9c4b88.jpg, 0, 0, 0, 1
n02093647_1292_jpg.rf.47123fa91f4cb89a421a010ab218484a.jpg, 0, 1, 0, 0
ragdoll-cat_32_jpg.rf.4bbcfe99977c5517b23b459d2da54f91.jpg, 0, 0, 1, 0
n02092002_7743_jpg.rf.4c6bc47e5fc7d297ae18a235af71d6c4.jpg, 1, 0, 0, 0
00001295_017_jpg.rf.49622fd1fc02c5156b37d4db4622c7d7.jpg, 0, 0, 1, 0
siamese-cat_137_jpg.rf.4de8077bb0472a0aa17d04781c788362.jpg, 0, 0, 0, 1
maine-coon_97_jpg.rf.4d65218d40a8a3fc8d3ea2b53b04d889.jpg, 0, 0, 1, 0
5397_jpg.rf.4fc689934651a362cfb86fb01325e8b7.jpg, 0, 0, 0, 1
n02085620_326_jpg.rf.4cd0d9573530e899c9cd26ca2a69e20c.jpg, 0, 1, 0, 0
00001109_018_jpg.rf.50917407fc4c9785462c4b8e00c2c0df.jpg, 0, 0, 1, 0
277_jpg.rf.500730aea932621fe44c0d227f1cb005.jpg, 0, 0, 0, 1
8938_jpg.rf.51087d76bbbbe883b6c3d8c7c3c44f31.jpg, 0, 0, 1, 0
00000500_011_jpg.rf.52836d2d4afc3cb9481d152a0704962b.jpg, 0, 0, 1, 0
n02085782_3121_jpg.rf.5343265627a94f9fe7095950d3e09b58.jpg, 0, 1, 0, 0
n02088094_12945_jpg.rf.5361c72ef4d34c9bc471a92f83eb00db.jpg, 1, 0, 0, 0
n02090622_6131_jpg.rf.564404a25bd1df310043f10845610517.jpg, 1, 0, 0, 0
n02085936_8224_jpg.rf.54e5935b2c58e08689980303ab52ab96.jpg, 0, 1, 0, 0
n02091635_1147_jpg.rf.576e5c01811238c0ee585d270076d319.jpg, 1, 0, 0, 0
n02088094_3080_jpg.rf.54d6d971f33b751d45c51e5fb31de914.jpg, 1, 0, 0, 0
n02087046_1666_jpg.rf.58f46a49c86280feba7dd52cc3d18c90.jpg, 0, 1, 0, 0
Maine_Coon_26_jpg.rf.58ea815aaf8c8bf3b70879f17b36b8a0.jpg, 0, 0, 1, 0
n02085782_1724_jpg.rf.58f51506d875d16571798847f8f55ddd.jpg, 0, 1, 0, 0
Ragdoll_82_jpg.rf.5882fbccb0be89b520552e26aa8eb725.jpg, 0, 0, 1, 0
Birman_44_jpg.rf.596588eb8387d3863a4a584f57039557.jpg, 0, 0, 1, 0
00000500_010_jpg.rf.5b5e64da077c296830de76c0a127b95f.jpg, 0, 0, 1, 0
2806_jpg.rf.57240167150d2c225634211e310768a1.jpg, 0, 0, 1, 0
British_Shorthair_93_jpg.rf.5b91e549df348b2e5eee4f1733faaedb.jpg, 0, 0, 1, 0
n02093754_1536_jpg.rf.5b51d38344ee65301b4c9e17db254d03.jpg, 0, 1, 0, 0
persian-cat_8_jpg.rf.5cae3e9026530b45c2b614c8633d95c6.jpg, 0, 0, 0, 1
00001123_013_jpg.rf.5cd5290ff25ad7bd6ea83e4583f41556.jpg, 0, 0, 1, 0
5309_jpg.rf.5e9fa6bfe3aaaa09dcb9038cc3840fae.jpg, 0, 0, 0, 1
836_jpg.rf.5f0a8083d7419e6ca73a0d38cb33ebd9.jpg, 0, 0, 1, 0
n02092002_293_jpg.rf.5d670d13515445b2e5fb866cf3865c4c.jpg, 1, 0, 0, 0
Tuxedo-42540337_9969_jpg.rf.5e06672f1775db872191a277b8b28f46.jpg, 0, 0, 0, 1
n02091831_848_jpg.rf.5e85888677d2aa4bafdd9380928f9f74.jpg, 1, 0, 0, 0
00000806_010_jpg.rf.5e356ad97515b1f355158668da467aba.jpg, 0, 0, 1, 0
Persian_132_jpg.rf.5f80e72fb8edaa925a18c7c65f524f38.jpg, 0, 0, 1, 0
2379_jpg.rf.5fc052bc0959e466193333e90b86e929.jpg, 0, 0, 1, 0
6814_jpg.rf.6561eabeb5c6cbd8eed1105ac89681fc.jpg, 0, 0, 0, 1
Persian_171_jpg.rf.62383dc1ec8181bca2e6f9386e7d1255.jpg, 0, 0, 1, 0
n02085936_4474_jpg.rf.610dda5569e0e8ded17273d4963030f2.jpg, 0, 1, 0, 0
n02088466_10831_jpg.rf.64f71cbdc867d79a010e00ded815c319.jpg, 1, 0, 0, 0
n02086079_2793_jpg.rf.63b4e2b45503c6ec42824a5728917f41.jpg, 0, 1, 0, 0
00000899_017_jpg.rf.659f036f3d4cb4f71ac1a5ab691cd862.jpg, 0, 0, 1, 0
n02090721_363_jpg.rf.668e87c1fd51c9cfce8ea86b54783b87.jpg, 1, 0, 0, 0
3492_jpg.rf.679b6625f343263d403e507f47377866.jpg, 0, 0, 1, 0
00000036_029_jpg.rf.67554e5ad0ffffbf8afa014ac262b1ba.jpg, 0, 0, 1, 0
n02085620_11258_jpg.rf.683b032fdbe02a31b934c2b9151051e2.jpg, 0, 1, 0, 0
1541_jpg.rf.6880abd7d83e82d69fe7f3ae6b856d7d.jpg, 0, 0, 0, 1
n02091831_8843_jpg.rf.6a63681c689b17c4dc8e6e6ecbeb3236.jpg, 1, 0, 0, 0
persian-cat_122_jpg.rf.6a7cab948ec84c9a41b049678c50fd38.jpg, 0, 0, 0, 1
Persian-28366777_6592_jpg.rf.6a8fe841d250101f76b2604b658cd0ed.jpg, 0, 0, 1, 0
n02088094_7894_jpg.rf.6942c42929a85e334fe6af9ece2477d8.jpg, 1, 0, 0, 0
n02088094_1167_jpg.rf.6d69b4f28d7cd563306c627eb42aac47.jpg, 1, 0, 0, 0
n02085782_3889_jpg.rf.6b4c4f0d2ba163e274f77da7c0c81a58.jpg, 0, 1, 0, 0
5071_jpg.rf.6d5405d644535765a17c0563f12ae528.jpg, 0, 0, 0, 1
00000926_003_jpg.rf.6f370a198da4e8ea7f3af8880672c0e4.jpg, 0, 0, 1, 0
1146_jpg.rf.6e11786b31eaae982e2e80198bdd7379.jpg, 0, 0, 1, 0
Maine_Coon_48_jpg.rf.6f329616efa5fa3e76b3e29ad9e19dff.jpg, 0, 0, 1, 0
6714_jpg.rf.6f71b34502212c2ef8a983f4577fd22a.jpg, 0, 0, 0, 1
1688_jpg.rf.6daf45d07a943440b14ca05d1e41ffdf.jpg, 0, 0, 1, 0
422_jpg.rf.71fe264d213d56f0568977e245b1a37e.jpg, 0, 0, 0, 1
4144_jpg.rf.711b68d10509db88feaa623c285f6d6d.jpg, 0, 0, 0, 1
6396_jpg.rf.719954c146e4354b4e36efe05f5d4d1d.jpg, 0, 0, 0, 1
2858_jpg.rf.71bfdd1c8eea5af48daa652da8296077.jpg, 0, 0, 1, 0
sphynx_5_jpg.rf.70b23dceb706ca0560996f5cd4643903.jpg, 0, 0, 0, 1
7_jpg.rf.731223eda899aa198de66b6d1f9d1500.jpg, 0, 0, 0, 1
n02085782_919_jpg.rf.715244566ee76e0f95ee209d9020c393.jpg, 0, 1, 0, 0
Maine_Coon_124_jpg.rf.731389e64714ce92e7a38b673abdcdc2.jpg, 0, 0, 1, 0
3029_jpg.rf.7221b6f121d313f3a9e884c259614da4.jpg, 0, 0, 1, 0
n02091032_9405_jpg.rf.73eaff99af32bb283b692175977d1f9b.jpg, 0, 1, 0, 0
3030_jpg.rf.7352adf666c607a781880615ec2363ab.jpg, 0, 0, 0, 1
n02087046_178_jpg.rf.744a7cd030c8a8e2903a71867ef75b21.jpg, 0, 1, 0, 0
n02091032_7548_jpg.rf.75acc06b948799b6bc4c445279d5c6ac.jpg, 1, 1, 0, 0
1062_jpg.rf.7528b53cf4dddfcb99508142811b9b1b.jpg, 0, 0, 0, 1
n02088094_1907_jpg.rf.6fc116db05f181aa485bb8a64942aa79.jpg, 1, 0, 0, 0
4245_jpg.rf.7623aa9713a333d7d30129f6c0ee0b43.jpg, 0, 0, 0, 1
1525_jpg.rf.77eba6b28c34efa980484fc8c05d89a6.jpg, 0, 0, 1, 0
Ragdoll_24_jpg.rf.77c520fa6583d3473fec643b7311cd3f.jpg, 0, 0, 1, 0
persian-cat_37_jpg.rf.78ecfcb10a4ebde83f6ec099f289c41a.jpg, 0, 0, 0, 1
British_Shorthair_116_jpg.rf.77093ddfaceaa6cf0fd16a633f5c851b.jpg, 0, 0, 1, 0
n02085620_4700_jpg.rf.78f82dcc1c10b578322319ccfd6002f0.jpg, 0, 1, 0, 0
n02091635_3845_jpg.rf.79559d1ca22c924ccd573034d792ac8d.jpg, 1, 0, 0, 0
abyssinian_132_jpg.rf.793e893e234d4c5dd54fa422c70387b0.jpg, 0, 0, 0, 1
n02085936_719_jpg.rf.79e3ea6952320b0bf254d42328ee1ff0.jpg, 0, 1, 0, 0
n02086910_865_jpg.rf.7a544db17bcef87c4d9476a50d8dc970.jpg, 0, 1, 0, 0
n02093754_4374_jpg.rf.782b537a7acd6d1710c28d281f82cbb0.jpg, 0, 1, 0, 0
2484_jpg.rf.7af75b19ab7236e8a39d568ac1f50ff9.jpg, 0, 0, 0, 1
n02085620_7440_jpg.rf.7d049e2b3c53bd9e4c9a23f3a5f80f9d.jpg, 0, 1, 0, 0
n02091032_5638_jpg.rf.7d0eec303f9f4f4f114da75c2ea1238c.jpg, 0, 1, 0, 0
ragdoll-cat_2_jpg.rf.7d469d526da995b47d78dfc16214d6c0.jpg, 0, 0, 1, 0
american-shorthair_85_jpg.rf.7c71035c1cb116afb4357f371089af0e.jpg, 0, 0, 0, 1
n02088094_4837_jpg.rf.7eaf024572e70fa7294a89dae7ffc237.jpg, 1, 0, 0, 0
n02088364_2652_jpg.rf.7ef14a6ff3701a315b5b98151ed7b3e1.jpg, 0, 1, 0, 0
n02091635_4377_jpg.rf.7ddad0cf96acdff4224ac57095e26b33.jpg, 1, 0, 0, 0
2920_jpg.rf.7b6afed5fb852693d442b4fd8860a714.jpg, 0, 0, 0, 1
n02085782_3031_jpg.rf.81fcc925cc5246882fbfefed2fa631d7.jpg, 0, 1, 0, 0
n02085782_593_jpg.rf.86dd1ca2a8466655d223bcf5ae603036.jpg, 0, 1, 0, 0
Ragdoll-45335208_488_jpg.rf.8651e924a4a2dd6048247a5391e064dc.jpg, 0, 0, 1, 0
n02091831_2586_jpg.rf.87bc3bf8a9ff17907dc13f8257389daa.jpg, 1, 0, 0, 0
maine-coon_2_jpg.rf.8758b7ba8209370198c81c5e02b50b77.jpg, 0, 0, 1, 0
n02090721_550_jpg.rf.886d686681899ec9a32b3aaadf796b67.jpg, 1, 0, 0, 0
n02093991_3234_jpg.rf.85d797bda22844d938ccb7e004857d4c.jpg, 1, 0, 0, 0
Maine_Coon_110_jpg.rf.8416555ddb568e255af5064334834fbb.jpg, 0, 0, 1, 0
n02088466_9579_jpg.rf.89259ec934dc543c6a131fab3624ccc7.jpg, 0, 1, 0, 0
n02092002_8952_jpg.rf.8961f271e036d637e136199677a76c41.jpg, 1, 0, 0, 0
Maine_Coon_18_jpg.rf.8946d80de08a49060cf12a5fcd62e7d3.jpg, 0, 0, 1, 0
persian-cat_157_jpg.rf.8c237ac900910f51eab86ae33a340f3a.jpg, 0, 0, 0, 1
n02091635_1083_jpg.rf.898598333f2cfc9248317969cb8bb35c.jpg, 1, 0, 0, 0
n02091831_7769_jpg.rf.8c677ada7d47b419c1bccc5c492fc43c.jpg, 1, 0, 0, 0
154_jpg.rf.8cc53a095bc766f4e6529bcf56928a4c.jpg, 0, 0, 0, 1
n02093754_6082_jpg.rf.8c32185f103efc5108136f117e14cbaf.jpg, 0, 1, 0, 0
00000314_027_jpg.rf.90206b0434fc6724402b3e2aa8c23b07.jpg, 0, 0, 1, 0
n02091831_2606_jpg.rf.8e39c8e0c3de91a95bc59d97375df058.jpg, 1, 0, 0, 0
n02093647_252_jpg.rf.905b170b39150ce6fb081ae9b9b58afc.jpg, 0, 1, 0, 0
Maine_Coon_39_jpg.rf.949cb5135d83717ae4d2abd49f69a061.jpg, 0, 0, 1, 0
n02087046_1386_jpg.rf.9121270a783de5a9acf75ea71898ded2.jpg, 0, 1, 0, 0
4158_jpg.rf.8def0ae9d3461080186e910e53266aec.jpg, 0, 0, 0, 1
n02085782_1764_jpg.rf.8ef9412af069c1ee2fdf2477361742eb.jpg, 0, 1, 0, 0
n02086910_1409_jpg.rf.9545b5639a699b7872a9fbd3591f2550.jpg, 0, 1, 0, 0
n02091032_6728_jpg.rf.94a2455c5cb42350694e6020ff4f6e28.jpg, 0, 1, 0, 0
n02091635_1192_jpg.rf.95827a918bca91eb5cc1e4c1356de592.jpg, 1, 0, 0, 0
n02085620_7738_jpg.rf.9a5ad366be763e5d5fb79d0285e28513.jpg, 0, 1, 0, 0
n02090622_5261_jpg.rf.9ac88282abc77302db532dd23f031a77.jpg, 1, 0, 0, 0
n02091635_1329_jpg.rf.97ada86bf4cb4f24925a9e7717759f10.jpg, 1, 0, 0, 0
6946_jpg.rf.9ad430c0d74b21e3bdb7ca2c9622a28a.jpg, 0, 0, 0, 1
n02092002_2859_jpg.rf.9ba462670b82c130fcd5b0fda8a72c43.jpg, 1, 0, 0, 0
4812_jpg.rf.9b2576aa2bd315a31639e22aefd73a09.jpg, 0, 0, 0, 1
Tuxedo-42957921_9000_jpg.rf.9bc29110310ffa97833fe98fee8b11cf.jpg, 0, 0, 0, 1
n02090622_9278_jpg.rf.9cefbcd748e162e7ab63c2fffe2a3763.jpg, 1, 0, 0, 0
persian-cat_123_jpg.rf.9c76ff78a3036fff7614be941fd54f2a.jpg, 0, 0, 0, 1
n02085782_4798_jpg.rf.9fc86ed97909b7d8b5150d3c753baf8f.jpg, 0, 1, 0, 0
Maine_Coon_93_jpg.rf.9c1891f069544b998838fd3dadf1acab.jpg, 0, 0, 1, 0
n02085782_3578_jpg.rf.9ea9cc44323ff50c455acd8a6d67fda9.jpg, 0, 1, 0, 0
maine-coon_42_jpg.rf.9fe8ab31b0869626faafa7c819faaeee.jpg, 0, 0, 1, 0
6409_jpg.rf.a0294e15f4ccf37d662f80487c1d9950.jpg, 0, 0, 0, 1
1999_jpg.rf.a0d4d62abe5b14e8d5c3111efe83b4df.jpg, 0, 0, 0, 1
00001012_012_jpg.rf.a0e83c1695994b76e67e081555eb5dba.jpg, 0, 0, 1, 0
n02089078_2962_jpg.rf.a1a69b51cf9fcf8bba701f7519a3797e.jpg, 1, 0, 0, 0
ragdoll-cat_120_jpeg.rf.a278385f6c648e294a53f4eee58833f7.jpg, 0, 0, 0, 1
n02088094_1335_jpg.rf.a2d52ec787428d354a2a22c29064793e.jpg, 1, 0, 0, 0
n02090622_3156_jpg.rf.a65704a78fd90b5576ef0cea143eb4c0.jpg, 1, 0, 0, 0
n02092002_1646_jpg.rf.a4f7ab9f4aa1764ba991cd3f0e56dab5.jpg, 1, 0, 0, 0
n02085620_3877_jpg.rf.a51c3d4f3e1f0be2aeeae53709f5a994.jpg, 0, 1, 0, 0
Maine_Coon_27_jpg.rf.a7528a4a277ebaccf6e029f96f85d77b.jpg, 0, 0, 1, 0
n02093754_5606_jpg.rf.98779aaadbd68dfb052abee85df4d694.jpg, 0, 1, 0, 0
n02085620_3880_jpg.rf.a70f10d9e34353e6decb9ea2d051d1b4.jpg, 0, 1, 0, 0
n02085936_7142_jpg.rf.a8031bc7a286ad9d2261eb0adddf1635.jpg, 0, 1, 0, 0
00001401_000_jpg.rf.a85e83fe196744eada63a88159bb808e.jpg, 0, 0, 1, 0
n02088466_8156_jpg.rf.a9db3c28c79a01a9cc1e9f56c03f4728.jpg, 1, 0, 0, 0
00000837_015_jpg.rf.a83229f6623d6e98d9fd18c7110433f2.jpg, 0, 0, 1, 0
00001206_023_jpg.rf.aa0c8117268baab9844210679d0dd0e5.jpg, 0, 0, 1, 0
3075_jpg.rf.a14b412d8a27ef3e3330c7a1b963c7fa.jpg, 0, 0, 1, 0
n02091831_3064_jpg.rf.aa53fc03aaa98024a0b1c35b1f31dbb7.jpg, 1, 0, 0, 0
n02086910_695_jpg.rf.acd3a040fe14ef118273be0d09c4b497.jpg, 0, 1, 0, 0
British_Shorthair_155_jpg.rf.abf148c51ec1d5b4d2acbcc3dc17a893.jpg, 0, 0, 1, 0
n02092002_7537_jpg.rf.aa871a6adf441c0021473af50769d9d1.jpg, 1, 0, 0, 0
n02086910_862_jpg.rf.ab16b75098dd16e213a6095da9e26b0b.jpg, 0, 1, 0, 0
6686_jpg.rf.ab0bdb19f51d5291b4a066318192db04.jpg, 0, 0, 0, 1
n02092002_6907_jpg.rf.ae36d543617a31d5272e17b528302e56.jpg, 1, 0, 0, 0
2699_jpg.rf.ad3621fca8fd8f98ad2f7ab90066463a.jpg, 0, 0, 0, 1
Maine_Coon_41_jpg.rf.ad6a877279e8082ca686f55b3dfbfbb8.jpg, 0, 0, 1, 0
ragdoll-cat_164_JPG.rf.aed7cae0c7a2a729d4f9e56889533387.jpg, 0, 0, 0, 1
1241_jpg.rf.b0100d0533bc79e25302f96901b1f014.jpg, 0, 0, 0, 1
AmericanBobtail-18082799_4564_jpg.rf.b054146350c0104a1c45add317578548.jpg, 0, 0, 0, 1
n02085936_1155_jpg.rf.aeafb8d203352a5f650b7a15dfa6aee2.jpg, 0, 1, 0, 0
312_jpg.rf.af60c4aeebcde74a449faa8273881f12.jpg, 0, 0, 0, 1
n02088466_9110_jpg.rf.b0f575cd0562ac12f53af6432b8841c6.jpg, 1, 0, 0, 0
n02091635_4698_jpg.rf.b201278024fd897137a217918f3fe3f1.jpg, 1, 0, 0, 0
4964_jpg.rf.b1ff84b6bf82a2650825058de1ca41db.jpg, 0, 0, 0, 1
British_Shorthair_95_jpg.rf.b2b654c49d9b236b36a12cb4daf13444.jpg, 0, 0, 1, 0
6747_jpg.rf.b1116c185707a84a0a37f35fc60e6e54.jpg, 0, 0, 1, 0
n02092002_2217_jpg.rf.b38a3062af4d1ac8c8d09841e25365eb.jpg, 1, 0, 0, 0
n02090622_4873_jpg.rf.b3bd00a417dbbe72260542811c5db3aa.jpg, 1, 0, 0, 0
n02085620_1235_jpg.rf.b6258065ee750ad5149bad21c05eef6c.jpg, 0, 1, 0, 0
4708_jpg.rf.b4e64845339d9b60765b38f3388028a3.jpg, 0, 0, 0, 1
n02085782_2255_jpg.rf.b6ac20b0219c8e5d4a0ab17d2a9a3fca.jpg, 0, 1, 0, 0
991_jpg.rf.b84279196592a39d15c2ddc515151043.jpg, 0, 0, 0, 1
3095_jpg.rf.b86aa1fe259c3e29bab3c34dc7dbea69.jpg, 0, 0, 0, 1
n02085936_544_jpg.rf.b86b654a473780c168a645c4d9d8e05d.jpg, 0, 1, 0, 0
5214_jpg.rf.b8aaa3c8c33a826db912cb28d30c6353.jpg, 0, 0, 0, 1
00001249_005_jpg.rf.b9cfcc95b84164ec5e62addf93d6b9b7.jpg, 0, 0, 1, 1
n02093754_5928_jpg.rf.b9215a686d0da72aa7821e8cb48d1a93.jpg, 0, 1, 0, 0
n02091831_1730_jpg.rf.b97cdaa726985f16c50bdce4611a0571.jpg, 1, 0, 0, 0
n02088466_6532_jpg.rf.ba333a55bf5b45298d7c4e0d72e0a4ae.jpg, 1, 0, 0, 0
6523_jpg.rf.ba0bd136fce647d5f65597eafae2faee.jpg, 0, 0, 0, 1
2650_jpg.rf.badf6fcec805865b322834b048500e02.jpg, 0, 0, 0, 1
00000917_004_jpg.rf.babab2b25325d98448b877a1f872467d.jpg, 0, 0, 1, 0
703_jpg.rf.be12718034b42b60e652d8c96ecef59f.jpg, 0, 0, 0, 1
Tuxedo-42712989_9557_jpg.rf.bfc2441929a5ffe66aca1eb80070d4de.jpg, 0, 0, 0, 1
n02085936_6071_jpg.rf.c08bf0680310252dc31ba5de97803339.jpg, 0, 1, 0, 0
n02085620_4919_jpg.rf.bf54ef63857da8770583f2bcf31e6af1.jpg, 0, 1, 0, 0
maine-coon_140_jpg.rf.c045ef392e6941489fc84e854251abad.jpg, 0, 0, 0, 1
4886_jpg.rf.c0723ffee1298619fd4dc3e96fd0cd46.jpg, 0, 0, 1, 0
00001235_027_jpg.rf.c2b05667318429d83b4153a63df5ef68.jpg, 0, 0, 1, 0
n02085936_4192_jpg.rf.c1b0ff546f245cfd06cc7f0274227e48.jpg, 0, 1, 0, 0
3113_jpg.rf.c3791b37e715d025d82095a0df86ba34.jpg, 0, 0, 0, 1
n02085620_13151_jpg.rf.c2560066bea8c7668e0e0455d8766663.jpg, 0, 1, 0, 0
abyssinian_85_jpg.rf.c3c5c876fe773b7cd248513f3a5d9843.jpg, 0, 0, 0, 1
00000841_002_jpg.rf.c4e79dc55856cbc1fc063a3ef6384444.jpg, 0, 0, 1, 0
n02091831_627_jpg.rf.c37e526cea1dccabac2eaf687b5f4d55.jpg, 1, 0, 0, 0
1829_jpg.rf.bbd6305daee3930ef86266d1035df3ed.jpg, 0, 0, 1, 0
n02091244_716_jpg.rf.c596ae11f7161df4d5acadee3c46c19d.jpg, 1, 0, 0, 0
n02093754_5391_jpg.rf.c47f373848c03e9788879eeca9435a37.jpg, 0, 1, 0, 0
7007_jpg.rf.c5f43116b7d179e18431e7a0680b4c96.jpg, 0, 0, 0, 1
6928_jpg.rf.c61811572ef23446a92edb2387770e59.jpg, 0, 0, 0, 1
2111_jpg.rf.c6bdd1b51533474b8cf509b943ae4b79.jpg, 0, 0, 0, 1
3633_jpg.rf.ccb0c34d040a6614812ca3b229af7095.jpg, 0, 0, 0, 1
Ragdoll_100_jpg.rf.caf62d262db119e02570c864ff5fc0a9.jpg, 0, 0, 0, 1
n02092002_4230_jpg.rf.c9838fca9de6a191fda360e0658cb3ec.jpg, 1, 0, 0, 0
1954_jpg.rf.c7992d29e3014d3df067a5a0b337b366.jpg, 0, 0, 0, 1
1563_jpg.rf.ceab5303a8185ed951c3e672684909de.jpg, 0, 0, 0, 1
6986_jpg.rf.cb4c8e8e9bdc1f5b5231b56e05274bad.jpg, 0, 0, 0, 1
n02085620_4980_jpg.rf.ce863b9f361b0c603e6b42bc6b28c60f.jpg, 0, 1, 0, 0
1639_jpg.rf.d1e201d0622f5da6745f9a6ba9b08e8c.jpg, 0, 0, 1, 0
n02091831_410_jpg.rf.d2254337941b0b5923958bbfd02d34ec.jpg, 1, 0, 0, 0
n02085936_3391_jpg.rf.d00b1b717fb73e614da24de8f10a258d.jpg, 0, 1, 0, 0
Maine_Coon_28_jpg.rf.d27659a41e3bd18598720d8f399252b5.jpg, 0, 0, 1, 0
2172_jpg.rf.d361e1fefcd65a2cbce42d9c00584b6c.jpg, 0, 0, 0, 1
6591_jpg.rf.d312075341c4776f96a065238d254558.jpg, 0, 0, 1, 0
Maine_Coon_56_jpg.rf.cdf48dce592ee346c08aa0dc7db8ce08.jpg, 0, 0, 1, 0
american-shorthair_59_jpg.rf.d380f4914857120cfb1de6b2b57cc67e.jpg, 0, 0, 0, 1
British_Shorthair_15_jpg.rf.d315b10d544db4b8475961b228284197.jpg, 0, 0, 1, 0
n02086079_606_jpg.rf.d2c387bd294ae597155a1f4bfecd100d.jpg, 0, 1, 0, 0
n02092002_847_jpg.rf.d398d72a02c3da89f1fc33e413f58659.jpg, 1, 0, 0, 0
5588_jpg.rf.d3e1be51ed0a5b9fc865a6b0578a0360.jpg, 0, 0, 1, 0
n02091635_2221_jpg.rf.d46a90cf17f5f4508ae601ae4f7e9ef9.jpg, 1, 0, 0, 0
5228_jpg.rf.d4fbcc119d5721efadc5d97e5cd4b0c6.jpg, 0, 0, 0, 1
9293_jpg.rf.d789e0e593848eee16c130d18099ac8d.jpg, 0, 0, 1, 0
n02091635_4325_jpg.rf.d655e9bd591c5c8b614103ae53e36192.jpg, 1, 0, 0, 0
00000998_002_jpg.rf.d55349ccc1f7952d06a44e5518323976.jpg, 0, 0, 1, 0
n02088094_9523_jpg.rf.d59df156d66edec4b09229c29287e424.jpg, 1, 0, 0, 0
n02090721_519_jpg.rf.d749abe60ea3527ca8d7b41ac20788bb.jpg, 1, 0, 0, 0
n02085936_6464_jpg.rf.d7658b904dc4164ce28eb71daa33ec96.jpg, 0, 1, 0, 0
n02093754_1652_jpg.rf.d97d6661dd2bde7d13f4d5404e19c89e.jpg, 0, 1, 0, 0
persian-cat_133_jpg.rf.d99956453201d8a7290f4d6c3b21d0cc.jpg, 0, 0, 0, 1
Persian_140_jpg.rf.d8342e2529d1d883449fa1a521914527.jpg, 0, 0, 1, 0
n02085620_13383_jpg.rf.d9c27b1e8ab8db8278d3dea2884e1e29.jpg, 0, 1, 0, 0
n02088094_4426_jpg.rf.d94d1f1029cf0b0155ba282e2935b064.jpg, 1, 0, 0, 0
n02090721_1222_jpg.rf.dbac605796a9ca8fbc46f0a6d5278494.jpg, 1, 0, 0, 0
n02085782_1855_jpg.rf.dc9a5c90b7e56363ab8de3dcab2860ea.jpg, 0, 1, 0, 0
Maine_Coon_77_jpg.rf.dd5b8d20d779f09c6ace7bb55f6522f9.jpg, 0, 0, 1, 0
n02093256_7075_jpg.rf.dc3119bd637a1cdb7b8c95b62bc0fb0a.jpg, 0, 1, 0, 0
3108_jpg.rf.ddb642a04ad8ee947f7a2099364144af.jpg, 0, 0, 1, 0
2098_jpg.rf.df8b7ac45d655785b503de021e7757a6.jpg, 0, 0, 0, 1
Persian-27817525_6888_jpg.rf.e0a0946d62e7460fbe29026610d00b71.jpg, 0, 0, 1, 0
american-shorthair_29_jpg.rf.e0f3ada945fa47dbf77c65d3fdac5a3f.jpg, 0, 0, 0, 1
n02089078_2903_jpg.rf.e0bc146f3faeaadcf68179f6369b87a6.jpg, 1, 0, 0, 0
5057_jpg.rf.e171f5c01deae8b585bb60015afe1dee.jpg, 0, 0, 0, 1
3387_jpg.rf.e3734918b24aa692d711ea85e36a9a0b.jpg, 0, 0, 0, 1
2338_jpg.rf.e438e067ca3579837da9bc29731e114d.jpg, 0, 0, 0, 1
Maine_Coon_131_jpg.rf.e19dc86e7f0b3ed5fa77910be0772c93.jpg, 0, 0, 1, 0
AmericanShorthair-41631688_9590_jpg.rf.e4913b3accccbb45d5b999c885220bc1.jpg, 0, 0, 0, 1
2043_jpg.rf.e53c763670e884e56799f6bc37ff8b3c.jpg, 0, 0, 0, 1
1961_jpg.rf.e4d80494f518c411ced11e761793dd28.jpg, 0, 0, 0, 1
n02085782_381_jpg.rf.e53295b845b1007c6aaf69f0375a8406.jpg, 0, 1, 0, 0
7676_jpg.rf.e6add90f9a837e49a6467076aaf9f8f6.jpg, 0, 0, 1, 0
4942_jpg.rf.e8f895e69567ea38c680c2df4e06d259.jpg, 0, 0, 0, 1
n02090622_431_jpg.rf.e5ff0997fabdcee672c475b833c07b18.jpg, 1, 0, 0, 0
4394_jpg.rf.e6433032dd3314d3250add8acbc38b9c.jpg, 0, 0, 0, 1
n02085782_4564_jpg.rf.eb54b7ffb7da2c2a0717bae1f64b0d27.jpg, 0, 1, 0, 0
n02085936_338_jpg.rf.eb395a4b1e22352c15472fe8dc376c28.jpg, 0, 1, 0, 0
00000911_002_jpg.rf.ea8e29d0951d601f6b95c6ad87cd13bf.jpg, 0, 0, 1, 0
n02092002_4118_jpg.rf.ee615afa727577ccd07c6c0ba34d607c.jpg, 1, 0, 0, 0
n02085782_2128_jpg.rf.eb6d6e8da4b2d0ab598c1df5b062547a.jpg, 0, 1, 0, 0
n02085936_8417_jpg.rf.ee631873f657cc2a327eef76a037fe4d.jpg, 0, 1, 0, 0
4328_jpg.rf.eca575d812508d9d469afc39830ab230.jpg, 0, 0, 0, 1
n02085620_2650_jpg.rf.ef23f6671a729e840ab09eca9b4da9ba.jpg, 0, 1, 0, 0
n02091635_3661_jpg.rf.ef7a8fa4aff12297d33add8c6ab1c800.jpg, 1, 0, 0, 0
n02090721_503_jpg.rf.eff7ca1dd4a483ed7c08e863f943b027.jpg, 1, 0, 0, 0
4668_jpg.rf.ee68fbbc156869a6c5994045c995c379.jpg, 0, 0, 1, 0
n02090622_6771_jpg.rf.f1592f555c7ff79268714e8620689054.jpg, 1, 0, 0, 0
n02086240_818_jpg.rf.f2c32561f635f390c956ec4c3131eb4a.jpg, 0, 1, 0, 0
00000033_019_jpg.rf.f3dbf287c7176948210140acc6705f50.jpg, 0, 0, 1, 0
n02093754_329_jpg.rf.f4140eb1fe181e538d84ab2526ae0d3b.jpg, 0, 1, 0, 0
5273_jpg.rf.f60d357afe1d667bb8621b3494be8034.jpg, 0, 0, 0, 1
4762_jpg.rf.fa0d3dab4d55b5f25d6e5c78a2511887.jpg, 0, 0, 1, 0
n02092002_14825_jpg.rf.f6256e6c0165b1e725583241b7ef38ae.jpg, 1, 0, 0, 0
11677_jpg.rf.f8b58421b2d9fed812fd006b8996486d.jpg, 0, 0, 1, 0
n02092002_3856_jpg.rf.f81b899670e0e2683eb8feeca72d954a.jpg, 1, 0, 0, 0
n02092002_6339_jpg.rf.f6135a4b78d17e754b343f605d472b9e.jpg, 1, 0, 0, 0
3842_jpg.rf.fb311121726d97605a8dbae8e0c62161.jpg, 0, 0, 0, 1
n02088094_1479_jpg.rf.fb05577006a21e86dea7c26e238fec86.jpg, 1, 0, 0, 0
n02093754_2847_jpg.rf.fbc09f51c688c238c570a6ff036a8761.jpg, 0, 1, 0, 0
n02093256_7454_jpg.rf.fd1302b016ce247bbe0f2df575b0704c.jpg, 0, 1, 0, 0
2489_jpg.rf.fbad769787f2990d5673cf267683a830.jpg, 0, 0, 0, 1
n02092002_846_jpg.rf.fc760e709cd215f5a4aac6873b55c5b5.jpg, 1, 0, 0, 0
n02088094_10982_jpg.rf.fd2f6a2c80ceebcb03291b9de7651c21.jpg, 1, 0, 0, 0
n02091635_220_jpg.rf.ff113f22336e3b8f8a9a0b480f124f0c.jpg, 1, 0, 0, 0
4174_jpg.rf.ffafc9b93bddf995f71ff4c3b14a24d9.jpg, 0, 0, 1, 1
n02085782_564_jpg.rf.ffd0dfc20ab25be5e0d57576b467f151.jpg, 0, 1, 0, 0
823_jpg.rf.ff7a98ecdbca99db4bc18768a9bdae88.jpg, 0, 0, 0, 1
